title;actor
Гранд тур;Джереми Кларксон
Гранд тур;Ричард Хаммонд
Гранд тур;Джеймс Мэй
Гранд тур;Abbie Eaton
Гранд тур;Майк Скиннер
Гранд тур;Саймон Пегг
Гранд тур;Дэвид Хассельхофф
Гранд тур;Пэрис Хилтон
Гранд тур;Кифер Сазерленд
Гранд тур;Johan Ackermann
Доктор Кто;Дэвид Теннант
Доктор Кто;Мэтт Смит
Доктор Кто;Питер Капальди
Доктор Кто;Кристофер Экклстон
Доктор Кто;Николас Бриггс
Доктор Кто;Дженна Коулман
Доктор Кто;Пол Кэйси
Доктор Кто;Карен Гиллан
Доктор Кто;Билли Пайпер
Доктор Кто;Кевин Хадсон
Братья по оружию;Дэмиэн Льюис
Братья по оружию;Рон Ливингстон
Братья по оружию;Донни Уолберг
Братья по оружию;Мэттью Сеттл
Братья по оружию;Майкл Кудлиц
Братья по оружию;Декстер Флетчер
Братья по оружию;Нил МакДонаф
Братья по оружию;Скотт Граймз
Братья по оружию;Шэйн Тейлор
Братья по оружию;Питер Янгблад Хиллз
Братья по оружию;Андрей Бархударов
Братья по оружию;Радик Мухаметзянов
Братья по оружию;Андрей Градов
Братья по оружию;Михаил Данилюк
Братья по оружию;Сергей Чихачёв
Топ Гир;Ричард Хаммонд
Топ Гир;Джереми Кларксон
Топ Гир;Джеймс Мэй
Топ Гир;Бен Коллинз
Топ Гир;Стиг
Топ Гир;Мэтт ЛеБлан
Топ Гир;Chris Harris
Топ Гир;Rory Reid
Топ Гир;Перри МакКарти
Топ Гир;Сабина Шмиц
Топ Гир;Антон Савенков
Топ Гир;Вадим Медведев
Топ Гир;Владимир Рыбальченко
Без гроша;Джозеф Гилган
Без гроша;Мишель Кигэн
Без гроша;Дэмиен Молони
Без гроша;Tom Hanson
Без гроша;Парт Такерар
Без гроша;Джоэнна Хигсон
Без гроша;Аарон Хеффернан
Без гроша;Рут Шин
Без гроша;Райан Сэмпсон
Без гроша;Стив Эветс
Черное зеркало;Рори Киннер
Черное зеркало;Дэниэл Калуя
Черное зеркало;Тоби Кеббелл
Черное зеркало;Хейли Этвелл
Черное зеркало;Брайс Даллас Ховард
Черное зеркало;Уайатт Рассел
Черное зеркало;Келли Макдоналд
Черное зеркало;Гугу Эмбата-Ро
Черное зеркало;Маккензи Дэвис
Черное зеркало;Джесси Племонс
Черное зеркало;Диомид Виноградов
Черное зеркало;Антон Савенков
Черное зеркало;Варвара Чабан
Черное зеркало;Татьяна Шитова
Черное зеркало;Сергей Анненков
Формула 1: Гонять, чтобы выживать;Фернандо Алонсо
Формула 1: Гонять, чтобы выживать;Валттери Боттас
Формула 1: Гонять, чтобы выживать;Маркус Эрикссон
Формула 1: Гонять, чтобы выживать;Пьер Гасли
Формула 1: Гонять, чтобы выживать;Роман Грожан
Формула 1: Гонять, чтобы выживать;Льюис Хэмилтон
Формула 1: Гонять, чтобы выживать;Брендон Хартли
Формула 1: Гонять, чтобы выживать;Нико Хюлькенберг
Формула 1: Гонять, чтобы выживать;Шарль Леклер
Формула 1: Гонять, чтобы выживать;Кевин Магнуссен
Острые козырьки / Заточенные кепки;Киллиан Мёрфи
Острые козырьки / Заточенные кепки;Пол Андерсон
Острые козырьки / Заточенные кепки;Хелен Маккрори
Острые козырьки / Заточенные кепки;Софи Рандл
Острые козырьки / Заточенные кепки;Нед Деннехи
Острые козырьки / Заточенные кепки;Финн Коул
Острые козырьки / Заточенные кепки;Йен Пек
Острые козырьки / Заточенные кепки;Гарри Киртон
Острые козырьки / Заточенные кепки;Пакки Ли
Острые козырьки / Заточенные кепки;Джо Коул
Острые козырьки / Заточенные кепки;Радик Мухаметзянов
Острые козырьки / Заточенные кепки;Лариса Некипелова
Острые козырьки / Заточенные кепки;Екатерина Семенова
Острые козырьки / Заточенные кепки;Анастасия Лапина
Острые козырьки / Заточенные кепки;Александр Матвеев
Побег из тюрьмы;Вентворт Миллер
Побег из тюрьмы;Доминик Пёрселл
Побег из тюрьмы;Амори Ноласко
Побег из тюрьмы;Роберт Неппер
Побег из тюрьмы;Сара Уэйн Кэллис
Побег из тюрьмы;Уэйд Уильямс
Побег из тюрьмы;Уильям Фихтнер
Побег из тюрьмы;Марк Фойерстин
Побег из тюрьмы;Марина Бенедикт
Побег из тюрьмы;Пол Адельштейн
Побег из тюрьмы;Василий Дахненко
Побег из тюрьмы;Ольга Зубкова
Побег из тюрьмы;Всеволод Кузнецов
Побег из тюрьмы;Олег Щербинин
Побег из тюрьмы;Пётр Иващенко
Аббатство Даунтон;Хью Бонневилль
Аббатство Даунтон;Элизабет Макговерн
Аббатство Даунтон;Мишель Докери
Аббатство Даунтон;Джим Картер
Аббатство Даунтон;Брендан Койл
Аббатство Даунтон;Джоанн Фроггатт
Аббатство Даунтон;Лаура Кармайкл
Аббатство Даунтон;Джессика Браун-Финдли
Аббатство Даунтон;Мэгги Смит
Аббатство Даунтон;Дэн Стивенс
Обеды за 30 минут от Джейми;Джейми Оливер
Выжить любой ценой;Беар Гриллс
Выжить любой ценой;Уилл Феррелл
Выжить любой ценой;Sean Lacoste
Выжить любой ценой;Joe Rest
Выжить любой ценой;Джейк Джилленхол
Выжить любой ценой;Narendra Modi
BBC: Сила искусства;Саймон Шама
BBC: Сила искусства;Грегуар Бонне
BBC: Сила искусства;Аллан Кордунер
BBC: Сила искусства;Андреа Герпелли
BBC: Сила искусства;Марк Хайд
BBC: Сила искусства;Пол Попплуэлл
BBC: Сила искусства;Тим Фрэнсис
BBC: Сила искусства;Эндрю Гарфилд
BBC: Сила искусства;Саймон Куотерман
BBC: Сила искусства;Джо Ван Мойланд
